name,value,stderr
Tc_inf,2.4363655537715205,0.0
beta,0.48531651955889127,0.0725045586514663
