name,value,stderr
Tc_inf,2.259511122607346,0.0009982224697097026
beta,0.09629610332794512,0.0018880317693047977
